{"assets/fonts/Mulish-Bold.ttf":["assets/fonts/Mulish-Bold.ttf"],"assets/fonts/Mulish-ExtraBold.ttf":["assets/fonts/Mulish-ExtraBold.ttf"],"assets/fonts/Mulish-Light.ttf":["assets/fonts/Mulish-Light.ttf"],"assets/fonts/Mulish-Medium.ttf":["assets/fonts/Mulish-Medium.ttf"],"assets/fonts/Mulish-Regular.ttf":["assets/fonts/Mulish-Regular.ttf"],"assets/images/100najvecih.jpg":["assets/images/100najvecih.jpg"],"assets/images/dhl.jpg":["assets/images/dhl.jpg"],"assets/images/dhl.png":["assets/images/dhl.png"],"assets/images/logo.jpg":["assets/images/logo.jpg"],"assets/images/logo.png":["assets/images/logo.png"],"assets/images/madi.png":["assets/images/madi.png"],"assets/images/mba.png":["assets/images/mba.png"],"assets/images/migg.png":["assets/images/migg.png"],"assets/images/panels.jpg":["assets/images/panels.jpg"],"assets/images/panels2.jpg":["assets/images/panels2.jpg"],"assets/images/panels3.jpg":["assets/images/panels3.jpg"],"assets/images/violeta.png":["assets/images/violeta.png"],"packages/font_awesome_flutter/lib/fonts/fa-brands-400.ttf":["packages/font_awesome_flutter/lib/fonts/fa-brands-400.ttf"],"packages/font_awesome_flutter/lib/fonts/fa-regular-400.ttf":["packages/font_awesome_flutter/lib/fonts/fa-regular-400.ttf"],"packages/font_awesome_flutter/lib/fonts/fa-solid-900.ttf":["packages/font_awesome_flutter/lib/fonts/fa-solid-900.ttf"]}