[{"family":"MaterialIcons","fonts":[{"asset":"fonts/MaterialIcons-Regular.otf"}]},{"family":"Roboto","fonts":[{"asset":"assets/fonts/Mulish-Regular.ttf"},{"weight":300,"asset":"assets/fonts/Mulish-Light.ttf"},{"weight":500,"asset":"assets/fonts/Mulish-Medium.ttf"},{"weight":700,"asset":"assets/fonts/Mulish-Bold.ttf"},{"weight":800,"asset":"assets/fonts/Mulish-ExtraBold.ttf"}]},{"family":"packages/font_awesome_flutter/FontAwesomeBrands","fonts":[{"weight":400,"asset":"packages/font_awesome_flutter/lib/fonts/fa-brands-400.ttf"}]},{"family":"packages/font_awesome_flutter/FontAwesomeRegular","fonts":[{"weight":400,"asset":"packages/font_awesome_flutter/lib/fonts/fa-regular-400.ttf"}]},{"family":"packages/font_awesome_flutter/FontAwesomeSolid","fonts":[{"weight":900,"asset":"packages/font_awesome_flutter/lib/fonts/fa-solid-900.ttf"}]}]