[{"created_at":"Mon Sep 15 05:43:06 +0000 2014","id":511389724733210624,"id_str":"511389724733210624","text":"Make sure you are following @EnvatoMarket for all your ThemeForest needs!","truncated":false,"entities":{"hashtags":[],"symbols":[],"user_mentions":[{"screen_name":"EnvatoMarket","name":"Envato Market","id":2508601772,"id_str":"2508601772","indices":[28,41]}],"urls":[]},"source":"\u003ca href=\"http:\/\/itunes.apple.com\/us\/app\/twitter\/id409789998?mt=12\" rel=\"nofollow\"\u003eTwitter for Mac\u003c\/a\u003e","in_reply_to_status_id":null,"in_reply_to_status_id_str":null,"in_reply_to_user_id":null,"in_reply_to_user_id_str":null,"in_reply_to_screen_name":null,"user":{"id":223434610,"id_str":"223434610","name":"ThemeForest","screen_name":"ThemeForest","location":"Melbourne, Australia","description":"The world leader in premium website themes and templates. Follow the community too #themeforest","url":"http:\/\/t.co\/J3c7B7SVqV","entities":{"url":{"urls":[{"url":"http:\/\/t.co\/J3c7B7SVqV","expanded_url":"http:\/\/themeforest.net","display_url":"themeforest.net","indices":[0,22]}]},"description":{"urls":[]}},"protected":false,"followers_count":5661,"friends_count":174,"listed_count":99,"created_at":"Mon Dec 06 11:31:45 +0000 2010","favourites_count":113,"utc_offset":39600,"time_zone":"New Caledonia","geo_enabled":false,"verified":false,"statuses_count":399,"lang":"en","contributors_enabled":false,"is_translator":false,"is_translation_enabled":false,"profile_background_color":"C0DEED","profile_background_image_url":"http:\/\/pbs.twimg.com\/profile_background_images\/378800000165060312\/OD99Ktl2.jpeg","profile_background_image_url_https":"https:\/\/pbs.twimg.com\/profile_background_images\/378800000165060312\/OD99Ktl2.jpeg","profile_background_tile":false,"profile_image_url":"http:\/\/pbs.twimg.com\/profile_images\/460967605008728065\/llDTN-Pk_normal.png","profile_image_url_https":"https:\/\/pbs.twimg.com\/profile_images\/460967605008728065\/llDTN-Pk_normal.png","profile_banner_url":"https:\/\/pbs.twimg.com\/profile_banners\/223434610\/1398733933","profile_link_color":"0084B4","profile_sidebar_border_color":"FFFFFF","profile_sidebar_fill_color":"DDEEF6","profile_text_color":"333333","profile_use_background_image":true,"has_extended_profile":false,"default_profile":false,"default_profile_image":false,"following":false,"follow_request_sent":false,"notifications":false,"translator_type":"none"},"geo":null,"coordinates":null,"place":null,"contributors":null,"is_quote_status":false,"retweet_count":10,"favorite_count":9,"favorited":false,"retweeted":false,"lang":"en"},{"created_at":"Wed Aug 13 03:39:12 +0000 2014","id":499399743944921089,"id_str":"499399743944921089","text":"Eight marketplaces, one Envato Market. Join us: http:\/\/t.co\/cLo2w7rWOx","truncated":false,"entities":{"hashtags":[],"symbols":[],"user_mentions":[],"urls":[{"url":"http:\/\/t.co\/cLo2w7rWOx","expanded_url":"https:\/\/twitter.com\/EnvatoMarket","display_url":"twitter.com\/EnvatoMarket","indices":[48,70]}]},"source":"\u003ca href=\"http:\/\/itunes.apple.com\/us\/app\/twitter\/id409789998?mt=12\" rel=\"nofollow\"\u003eTwitter for Mac\u003c\/a\u003e","in_reply_to_status_id":null,"in_reply_to_status_id_str":null,"in_reply_to_user_id":null,"in_reply_to_user_id_str":null,"in_reply_to_screen_name":null,"user":{"id":223434610,"id_str":"223434610","name":"ThemeForest","screen_name":"ThemeForest","location":"Melbourne, Australia","description":"The world leader in premium website themes and templates. Follow the community too #themeforest","url":"http:\/\/t.co\/J3c7B7SVqV","entities":{"url":{"urls":[{"url":"http:\/\/t.co\/J3c7B7SVqV","expanded_url":"http:\/\/themeforest.net","display_url":"themeforest.net","indices":[0,22]}]},"description":{"urls":[]}},"protected":false,"followers_count":5661,"friends_count":174,"listed_count":99,"created_at":"Mon Dec 06 11:31:45 +0000 2010","favourites_count":113,"utc_offset":39600,"time_zone":"New Caledonia","geo_enabled":false,"verified":false,"statuses_count":399,"lang":"en","contributors_enabled":false,"is_translator":false,"is_translation_enabled":false,"profile_background_color":"C0DEED","profile_background_image_url":"http:\/\/pbs.twimg.com\/profile_background_images\/378800000165060312\/OD99Ktl2.jpeg","profile_background_image_url_https":"https:\/\/pbs.twimg.com\/profile_background_images\/378800000165060312\/OD99Ktl2.jpeg","profile_background_tile":false,"profile_image_url":"http:\/\/pbs.twimg.com\/profile_images\/460967605008728065\/llDTN-Pk_normal.png","profile_image_url_https":"https:\/\/pbs.twimg.com\/profile_images\/460967605008728065\/llDTN-Pk_normal.png","profile_banner_url":"https:\/\/pbs.twimg.com\/profile_banners\/223434610\/1398733933","profile_link_color":"0084B4","profile_sidebar_border_color":"FFFFFF","profile_sidebar_fill_color":"DDEEF6","profile_text_color":"333333","profile_use_background_image":true,"has_extended_profile":false,"default_profile":false,"default_profile_image":false,"following":false,"follow_request_sent":false,"notifications":false,"translator_type":"none"},"geo":null,"coordinates":null,"place":null,"contributors":null,"is_quote_status":false,"retweet_count":16,"favorite_count":20,"favorited":false,"retweeted":false,"possibly_sensitive":false,"lang":"en"}]